0,1,2,3,4,5,6,7,8,9,10,11,12,13,14,15,16,17,18,19,20,21,22,23,24,25,26,27,28,29,30,31,32,33,34,35,36,37,38,39,40,41,42,43,44,45,46,47,48,49,50,51,52,53,54,55,56,57,58,59,60,61,62,63,64,65,66,67,68,69,70,71,72,73,74,75,76,77,78,79
1,0,2.61691572,0.2633763999,2.996543537,0.4202203314,1.446226945,1.206442095,1.535698109,1.687485742,0.1016772838,0.5724733086,0.1700880115,0.01698141978,1.403965367,2.153188246,0.5878257203,2.710467382,2.15724806,0.5610745562,0.986486305,0.1140804017,1.565837971,2.601804144,0.08413499438,1.64537244,2.870156921,1.241935574,2.042152336,2.205194404,2.338354748,0.9898197466,2.27147798,0.4193440907,2.45542579,2.890632682,1.890044104,2.586596021,2.015262566,1.082451866,0.199888989,0.2616265921,0.8078731097,0.6771767325,1.462994509,1.481312417,0.7231538585,2.5352685,1.505473596,2.713945978,1.269572308,1.661881562,2.876198621,0.9608426464,2.167072248,2.952666193,2.223152837,2.638086371,1.742437306,0.08582622709,0.8882646901,1.408540945,2.513551286,0.5060155738,1.221870025,2.274796086,0.1171294159,1.464315513,1.947636598,0.5143157081,0.3671148074,2.957494684,1.501294364,0.9554601304,2.923502174,0.7045713634,0.2482047636,0.5534184059,0.4597797414,0.9306858751
2,0.1632115358,0,2.857081793,1.843238273,1.811906925,0.4755939853,2.730943675,0.9097299348,1.830793672,1.043373378,0.668305944,0.467520566,0.9924161337,2.751943997,2.072434099,2.571628615,1.338498516,0.5629121409,1.838510952,0.3537767743,1.640074879,2.795909935,1.074512532,0.9470581767,2.357716769,0.7567197463,2.488568928,0.3879208752,1.281703925,2.77987423,1.496699551,2.54866535,0.121762204,1.106337643,2.328131052,0.4034820869,1.295198075,2.029978608,0.9701281239,0.3375958951,2.967257298,1.035383226,2.297224216,2.342300344,0.9950379927,2.370297831,1.012396857,0.2332887859,1.326447247,2.608978278,0.1957042899,2.11721527,1.462915797,2.708308858,2.636006824,1.434655318,1.495791799,1.245326267,2.656169691,2.797739157,1.166744763,1.130396589,1.721871343,0.8567099559,0.4489280058,1.674701109,1.356402176,0.06044450859,1.787238198,2.32197584,2.800519174,1.704918502,0.5225827952,2.547066673,0.05826188503,2.375520728,1.392862311,0.3894419074,2.708257092
3,1.339840517,2.394429526,0,1.138692011,1.739059085,1.289268177,1.651008938,0.872221267,1.146056015,2.357218451,1.570295064,2.052108494,0.8263418873,2.306703572,2.281023872,0.199213065,2.87417175,1.272567011,2.953248504,1.603125543,0.6742764406,2.849286392,1.651322722,1.652458328,1.954559441,0.05377023159,2.144699318,2.410546302,0.8619293007,1.338114669,2.70853544,0.3862697376,0.6694115111,2.004934689,0.9860845092,2.756848464,0.8062645974,2.798037061,0.4685138713,0.2226149192,2.728002068,0.7024929934,1.031011518,1.201148864,2.979681999,0.2528539672,2.740897803,2.736275172,2.236233764,0.2695242609,0.3047852427,1.254433958,0.1056470231,2.422276449,2.003615249,1.932393607,1.696787859,1.275190328,2.633468095,0.05741671066,1.647258124,1.917026363,1.44740744,0.8515163028,1.508012341,1.237380045,1.565219676,2.772798015,1.718478864,2.785140156,1.772910023,2.442049581,2.124448375,1.975635738,2.040391009,1.118496872,0.6614681585,1.18288654,2.004401293
4,2.316363757,1.085981644,1.312996034,0,1.781511851,1.079133326,0.4302959764,1.410827605,2.005530791,0.4164778191,2.208634345,2.056340507,1.622510764,1.942033108,1.101305812,0.3200632331,0.4654125208,2.082486047,1.42301958,0.317279985,0.4705914159,0.04216703998,0.8491095622,2.287110778,2.33664949,0.5860218631,0.3784290319,2.180311801,0.9705354333,2.593878087,1.229994528,0.5331801827,0.9843327551,0.0425575626,1.312497576,1.315956987,1.75137097,1.278601195,0.3533051752,2.166358672,1.129418258,2.280510548,1.076356109,0.3706569512,2.619198547,1.503608077,2.617219422,0.9872888163,1.269517026,0.07738474485,2.16500401,0.4427622987,0.6141245208,1.093733814,0.2665531406,0.2653097391,1.906181387,1.579391896,1.802464984,1.803798178,0.9959955199,2.780591221,2.317801222,1.532110273,2.160683594,1.520248156,2.702588775,0.7601678655,2.879816276,0.8986390623,0.2964645784,1.289975179,0.9041694644,0.6916954076,0.5115512141,1.446388694,0.2748750706,0.4278793124,0.64131887
5,2.887605371,2.788328786,1.040728794,0.6873960999,0,0.1999804081,0.4703509598,1.454410081,2.739585706,2.667029315,0.1774150756,2.597711311,2.020852598,1.985470958,1.458612562,2.965043141,1.47830512,0.7243266072,1.980871791,0.4814923184,1.775321101,2.458644763,0.5217536027,2.514116,0.5716972452,2.705074228,1.867295468,2.356852778,0.5949870011,1.393176841,1.405113854,1.126262258,2.394455877,0.0191199327,0.9783509125,1.32268954,2.850242733,2.690472374,1.653526365,2.57653024,1.677561816,0.08243924292,0.4892381263,1.113515636,1.855842204,2.85639063,2.84522024,2.755800257,0.6169411347,0.6809766595,1.06566105,2.969100803,0.4266834392,1.62459493,0.7817227013,0.573056963,1.544027865,0.5577986423,2.570632509,2.416806921,2.938098163,1.13440154,1.613020578,2.773867802,2.18001676,0.05327370905,0.6158224836,1.569818343,2.042286042,1.625135285,1.954328191,0.4020163371,2.947190956,2.841314291,2.091160241,0.2113958704,2.51620031,1.145562837,2.65328554
6,1.094067254,2.238608936,0.01598370864,2.806309993,1.804815182,0,2.170378141,2.588168014,0.253468279,2.032352788,1.469954461,1.025969558,2.714723361,0.1031252269,0.6860710448,1.416351713,1.315554626,0.1270955644,1.337085311,2.789858176,1.588634101,0.3176557142,0.3641744403,2.086539067,0.1240590019,1.616173503,2.423603865,2.938189385,0.5457204513,2.3539178,0.7024294014,0.1543071409,2.415485589,0.08347594812,2.356982991,1.603396696,2.578038598,2.268984918,0.2932617729,1.107301802,2.668822836,1.962561928,2.807674545,0.4362583702,1.020972199,2.938280157,2.189666457,2.81309192,2.508213476,0.09513073926,2.450968345,0.9319053201,1.668121038,2.331238465,1.260377502,0.9333272168,2.830613876,1.665390427,0.9926596793,1.338773494,0.6459295173,0.7743430003,1.260867686,1.278798838,1.717429596,0.7027428547,2.153982773,2.675848764,0.1634068757,2.956665803,2.784647556,0.4212468958,2.700771031,2.837327633,0.950171867,1.755074849,2.831332723,0.3655998541,1.863278683
7,2.318618677,1.777029118,1.069577926,0.6577721275,1.79359156,1.248265191,0,2.781816666,1.450903919,2.445292894,1.759722967,2.521354275,1.205221101,0.5146545562,1.496163422,2.439564682,2.986976185,2.930796272,2.951617089,0.9175220088,1.336791015,0.8776751155,0.4935163139,1.241957711,1.566205751,2.308306346,2.24337922,2.853894062,2.31726952,1.069342582,1.936576971,0.01528501168,2.902499088,2.756861891,0.1306309129,0.7602789403,1.725058833,2.283107476,2.025515243,2.451325825,1.148323167,1.075378772,0.8929425712,2.318051422,2.019091608,0.9805280431,2.474205733,0.6225281942,1.963747223,1.802441356,2.714832627,2.380687485,0.7963487473,2.453679607,2.929310716,0.9478350646,2.931955523,2.356179215,0.1046736432,2.690789058,1.004557296,0.988498944,0.3243226888,0.9126445466,0.520690479,1.98592075,2.007666081,1.447786953,1.524829408,0.05256254592,2.482909497,2.271132611,0.3568950912,0.8443426354,2.687689172,0.8839634166,0.6820086941,0.1929387149,0.7936556778
8,2.342897244,1.295511405,2.789868541,2.718464444,1.773728233,2.054125818,2.237461178,0,0.6822519867,0.4655445023,1.474843568,0.732881859,2.664056543,0.01715725359,2.951923075,0.9195442328,2.08387184,0.7976167645,1.240092225,0.9984839406,0.3183159677,1.069297378,0.7318018123,1.551245174,1.667773228,1.009570933,2.839487086,0.6142515962,0.1562694294,2.256472,1.013690291,0.7048804273,1.831864715,2.817994967,2.626248013,2.961524228,0.7336947556,1.796118147,0.1961301787,2.478490654,1.90534749,0.8609151225,0.7162045664,2.189418544,2.895926902,2.66666825,2.653185753,0.2563638389,2.222868973,2.613264645,0.840758665,0.9243584234,1.264986238,1.22391017,2.106162252,2.245685908,2.794399941,1.080722773,2.372623705,0.8756494003,1.532807572,0.5625696114,2.913109843,0.0291877999,0.1292705761,0.1279765535,2.29107537,2.747518042,0.8975419198,2.240611143,1.998871389,0.8654666396,1.986610485,2.179232103,2.455438915,0.5745172423,1.089216303,2.602834647,2.306087966
9,0.6038521827,1.952959749,0.800421955,2.972232396,0.3850650873,0.4370436691,1.60064474,2.584475467,0,1.465751743,2.047855922,2.152119441,0.233318937,0.8750583655,0.5460947575,1.658013298,0.8706936234,1.238481363,1.476594697,2.174123315,0.5308135113,0.8913938975,2.240835666,2.175134781,0.5422615823,1.27967122,0.3118417461,2.211009037,1.694401802,2.869422265,2.146221606,1.006085794,0.487967683,2.731113314,0.1855989852,0.08773601691,1.287663682,1.906975442,2.52853332,0.6015388906,2.309374135,1.734508131,1.385133513,2.548588125,2.1998815,0.5137323018,1.198157878,0.4524597509,1.661585499,1.702425862,0.01386695655,1.012974937,0.1704759104,0.8822194199,0.2804627262,1.248266596,2.927427531,2.196013159,1.851850659,2.541394859,1.823146956,2.426638444,0.1338230585,2.91522727,0.9777688201,1.78908949,1.264805771,0.7794316331,2.238190776,1.217668764,0.5681973874,2.456988423,0.04691230233,0.2283882846,2.813382177,0.4220090873,1.413176104,2.788498336,1.665041768
10,2.808132164,2.214087541,1.547214249,1.345892944,2.846089966,1.395950768,1.056284225,0.97438614,1.40026679,0,1.746370105,1.066526135,1.512241675,2.812991992,2.714635423,1.928506296,1.61232306,1.362873299,2.522140028,2.873792961,0.8245404487,0.9150982002,0.8489099568,1.418415253,2.01988505,0.3415147152,1.922661891,1.295541692,0.8551334275,0.4742427704,0.006471752698,1.450572975,2.720593907,0.8966326184,0.7099204488,1.449581256,1.493889326,1.376852141,2.065695478,0.8220497088,2.026322435,1.425939929,0.2079291692,0.4134551403,0.2331444518,0.5150366469,0.268263698,0.5077379358,0.2397348526,0.8698690321,0.7142669145,2.669751714,1.241469396,2.549511815,1.363329797,1.514085222,0.9188383854,0.4731104386,1.556488772,1.881989558,2.053661537,1.68251902,1.167655526,0.8169285815,0.9623568038,0.5216746257,1.824976964,2.379576054,1.747078189,2.452833122,2.333513826,2.231137057,2.605979951,1.558502373,0.4382502699,0.3811555844,1.848385258,1.104924594,0.9368864999
11,0.2486719017,0.8058198248,2.718821237,1.939607876,1.759678379,1.902898403,1.721016901,1.294800336,2.734759646,2.264842371,0,1.47565553,2.140293108,0.9690227022,1.612140204,2.332672942,1.049306754,2.690170561,2.328441359,0.8710793723,0.5220951654,0.7027993039,2.380915462,2.629494613,1.737608714,2.123254173,1.43792438,2.616705108,0.7531340509,1.959400651,0.2544333927,1.2438843,2.084485538,1.377872016,2.470834079,2.641058113,2.221462851,1.674471224,1.919237542,1.886887805,2.3860266,2.481322346,2.436146522,1.163154216,0.164390547,1.156985919,2.60897818,1.536502822,0.6783824977,1.464359418,0.390330693,2.052956534,1.83407094,0.6972923872,1.688889354,2.369494435,0.4706725693,1.408205772,1.287310423,0.4251313135,2.156857293,0.07163346824,2.063574121,2.075133333,0.2188406128,2.511299001,0.7926164906,2.163479657,0.7385619133,0.1597364296,1.528469425,2.686921713,0.5331927076,1.737544889,2.347842082,1.503048195,0.6775617547,2.933499282,1.456787587
12,0.4970251851,2.141082141,2.203577528,1.120417945,1.298403499,1.896378343,0.4750078787,1.438478781,0.949503337,0.5654915565,1.744248359,0,0.1121039496,2.284500709,1.35343896,2.782958219,1.884308953,2.41289312,1.557042614,1.488781631,0.0634304239,0.06007322107,0.4864563092,0.4190392889,0.9122065129,0.2288306075,2.205448657,0.2862165661,2.455483934,0.03725237238,0.7648133251,0.3213436359,2.763756697,1.775170001,2.914298698,0.1024844054,2.727144873,1.123704355,1.69788798,2.781838242,0.2388575392,0.5016237737,1.832242037,0.2412327706,0.9939949847,2.64043035,2.395817897,2.182672409,2.631697875,2.673312348,1.465200211,2.217198922,1.045405485,1.051549801,1.217680606,2.394449353,2.75569247,1.080039486,2.965771131,1.350318961,2.478517552,1.063186827,2.783881198,1.246963412,2.84759456,1.588650353,2.238682417,1.861014482,0.9182698473,1.295995503,1.14618532,1.689456055,1.984234981,2.659234096,0.3554075239,1.928896575,0.3956118117,0.1811055504,0.2520368785
13,1.609435594,1.368699814,2.967517741,2.539347203,1.92499738,1.000591302,0.2768595976,1.2784915,1.545795068,1.909641955,1.614917208,0.5209861221,0,0.9762703406,1.635458847,0.8372443064,0.494657994,0.6507667512,1.645570816,0.2342591431,1.776584225,0.8493746983,0.04040647307,1.288499819,2.245109114,0.2155230939,2.583720472,1.89818972,1.471469408,2.582786391,2.669343176,1.112115827,1.327691636,2.699291843,0.1248074751,2.714644022,2.14462839,0.2671368144,0.7712492245,0.1791084387,0.6175228372,1.037299344,0.05474908692,1.538711041,2.626400718,1.499829927,1.381211863,0.1215366822,2.172889612,2.499703551,0.8404157519,2.415839727,0.9891237744,1.427357305,0.3608309534,0.2110037858,1.640147454,1.207336307,2.657226593,2.491476881,2.683780191,2.701753618,2.301946221,1.607184085,0.916527057,1.713069526,1.437276122,2.810463401,1.240772152,1.430633083,0.8058441624,2.42524806,0.2139103619,0.4791914994,1.088058534,1.87128828,1.787229169,2.795402143,2.27992238
14,0.1237292941,0.6176603341,1.660161065,1.722734652,0.7493162984,2.883487256,2.252713138,0.05028834936,0.8119858525,0.5139368783,1.170213004,0.227491895,1.558851012,0,1.55279206,0.7584337761,2.5554533,0.4115516149,2.134435578,0.7187602151,1.049936335,0.02162689676,1.622869283,1.493078696,1.838844138,0.5528883204,1.384294357,0.3309936699,0.5896331545,1.631207137,1.147906549,2.297894372,2.085396525,2.943607241,0.4983502339,2.560519257,0.6029446079,2.063148222,0.872083342,2.362431907,2.083280713,2.415970111,1.792538011,2.324857415,0.006590536826,1.364710429,2.193747818,2.461426348,0.8024946543,2.804978374,0.8534802463,1.404481748,2.683332368,1.366216951,2.11226679,1.019747958,0.5289662393,2.573344175,2.471550398,2.613324091,1.851520288,1.931456113,0.1771053418,2.546623875,0.5715332681,1.573463695,0.5392064888,2.423055399,2.081421869,2.351917426,2.338713016,1.681976512,2.80360846,2.928057852,0.8414861889,2.534933828,2.623185768,2.680214006,0.0758323768
15,2.472177789,1.296644621,1.611750386,2.557458432,1.250450668,2.219091021,2.439415348,2.02220234,1.747937812,2.599509148,0.7240963559,0.6757920385,1.112909709,1.441867851,0,2.390009756,1.366992036,2.455689021,0.3671066328,2.395785932,0.8098726789,2.976652739,2.664266788,0.3069492969,0.3659745371,0.315815477,2.772168359,2.59569851,0.5604349599,0.1469981033,0.7331733473,0.3839880484,0.7877638722,0.9095958276,2.777609718,1.346350695,0.3453460423,0.4399894994,1.377276424,1.353405286,1.236843194,1.127307526,2.69360326,1.019481558,0.1013216738,2.796701259,2.60452776,0.8170059442,0.2789280745,0.9257911723,1.693376183,1.697480672,0.4770152434,1.528038124,1.09451576,2.576764172,2.025867175,0.9221929466,0.4420292988,0.9299241769,0.003109034119,2.809001943,1.635418577,2.319293626,1.691055869,1.351508869,2.420972493,0.04997916918,0.1871786665,2.739283758,1.127115102,0.8425795014,0.8296546043,2.51915852,1.113361712,0.01032040922,0.3642912208,0.5857561232,2.498672383
16,2.924478172,1.397535045,0.7528632875,1.797843002,2.230523074,2.286184965,1.236842838,0.4287584914,2.334796595,1.66820199,2.019014443,2.234663662,2.950163611,2.48133397,0.418124959,0,0.8535590665,2.306101387,0.8150290559,1.354967252,2.437330941,2.829102282,1.411398266,1.777679093,1.974756826,2.338988828,2.05752134,1.428930346,1.904028986,1.779102024,0.5940832786,0.9444640495,0.6721348203,1.528380367,1.945287812,1.536426638,0.4883548344,2.444559669,1.736726765,2.844856415,1.551753262,1.617581789,1.076425121,1.985125271,2.090789748,2.700262923,1.341170751,2.421755854,1.619209771,1.830290102,1.237738566,1.512846006,1.772950135,0.03792698459,1.008148266,2.701263059,0.3667783586,2.116065196,0.848031676,1.190492359,2.503613404,1.833973704,1.682100135,2.765651112,0.5295630479,1.176425696,0.4683716069,2.623780923,0.6763178746,2.124889482,0.9587989395,2.103185136,2.095164904,2.99792276,1.133554182,1.905874837,2.9051254,0.3945595294,1.454114796
17,1.519286868,1.139165309,2.756368474,1.536191922,1.027684111,1.524747837,2.484393463,1.811694097,1.780632678,1.663537405,0.8601272872,0.9935749638,1.213732153,1.525413832,2.124271236,1.811326095,0,1.816879296,0.2581401794,2.608157799,2.769144315,2.928099979,2.121792839,2.985366463,1.014321597,0.4566607148,0.9010912346,2.177897544,2.542308347,0.3040140714,0.407636651,1.76907416,2.051920506,2.977379716,2.452019988,0.6593202649,0.8842548642,2.277806692,0.4322220158,1.932391911,2.402404362,1.920703643,1.852276677,0.8170929605,2.834534408,1.710355924,0.8046443083,1.004449218,0.7225302614,2.203604107,0.2359979241,1.888327114,1.560606955,2.323526637,1.066066107,2.388690781,0.8723383302,1.096421171,1.562834317,2.007707737,2.094546605,0.2541927058,2.514896959,0.5668721485,2.767239469,1.815879743,0.9915875773,1.17665771,1.565464671,2.554305439,1.666343861,1.851975131,1.094096712,2.462980587,1.998706591,1.640295751,2.984621812,1.858600197,0.9037182299
18,0.3767692491,1.793758907,2.902220562,0.6989141016,2.900013945,1.580468393,2.918143113,0.286916303,1.199455559,1.997826273,1.502494229,1.480336014,1.384670535,2.67014099,2.969941099,0.3747699404,2.284983359,0,1.159461897,2.05836184,1.402164476,1.122187328,2.261837822,2.081447725,0.2793282366,0.3032161596,2.996427621,1.764515898,1.215328008,0.6416608667,1.655826879,0.3709493084,0.3893836402,1.181941175,0.1037987748,0.2312971291,2.318252868,1.921887738,0.6768222496,2.239986752,0.4031002457,1.665406359,0.2089223852,2.101639283,1.15051434,0.06821929736,1.629801932,2.848462353,2.618808358,1.050717755,1.454920068,2.496479086,1.556575195,1.164554805,0.08303587785,2.280797408,2.931479725,1.678293028,0.5101703524,2.468164909,0.8082056308,1.539380596,1.987501493,0.8034826108,0.4741722053,2.241948863,1.452765186,0.5579810821,0.9637916976,0.4950205816,0.6454446821,0.2445229682,0.05349193671,2.440168945,2.951924301,2.373090088,1.396253566,1.042643299,0.9577550389
19,2.618544993,1.410090372,1.44880243,2.155057464,0.03610361267,2.547574268,1.737224447,1.318488721,0.6672059047,2.583797206,0.6159908672,0.06241269338,2.72357122,2.297697997,0.9943609331,2.622699679,2.401221962,2.441087213,0,2.938347292,2.223121918,1.445109509,1.027904853,2.713585993,1.841226559,2.28160273,0.8437153946,2.303031145,1.256781685,0.3821158533,0.5420351418,1.521330395,0.7225415889,1.646978058,0.996630276,1.18321636,0.01179034026,0.4207262554,0.2919028431,1.514444184,1.699668522,2.306458654,0.8437272702,0.1973053613,1.771731959,0.2532182661,1.308878738,2.966199789,1.398059841,1.155864979,1.787578769,0.01728184764,2.91442425,0.2688465573,2.987803221,1.566342641,1.194212763,0.4382967799,1.520340084,0.5616244749,1.490565168,0.2198689329,0.9706717489,1.77790673,0.6207609613,2.923109169,0.865570098,0.9069444236,0.8581466684,0.5959986968,1.252526095,0.2921814214,1.074851186,2.582676913,2.263995643,2.198913695,1.912456084,0.5905582116,1.575909361
20,2.423155841,0.09228574041,1.226140115,1.641254898,0.9894274076,2.267881205,0.1986013038,1.513324141,0.9552080795,0.5244388789,2.84643954,2.955230628,1.505346493,1.590579332,1.859352308,1.120678081,1.385903305,0.4606179891,2.926100011,0,1.255282359,1.594987767,1.232778761,0.9271357027,0.9700102024,2.893608986,1.034991865,2.207980969,0.5242300648,2.889515986,1.08748494,1.046558075,0.03194057327,0.5802619922,1.411479131,0.533829476,0.5908575023,1.365514216,1.841569463,1.360655229,2.194132749,2.807420481,0.8187106087,0.4106320527,0.594798468,1.893888776,0.6298528869,1.793487187,0.8002605648,0.899740589,2.46245373,1.107108728,2.889728356,0.5437213677,2.53067693,1.161324842,2.255170354,0.1771018222,0.4342428103,2.191366681,0.0904532786,0.08749072471,0.8522533737,2.446112328,1.672374286,2.596904922,2.555862872,1.529112936,2.987623352,1.713804381,0.8492648733,2.890307545,2.026076433,2.253486751,1.579894387,2.641913666,1.95470152,2.873060318,1.710212967
21,2.051333749,2.003975552,2.325532921,0.6829181686,0.655064803,1.974924675,1.058879873,1.959164157,2.485704292,1.842573623,2.63884387,1.629466105,1.829737952,0.01702043469,1.729611941,0.9246778048,2.345857151,2.315963913,2.042158344,2.958904497,0,0.7245010266,2.523421723,2.119643556,2.753711486,2.902761044,2.538723177,1.950131603,2.959009305,2.661660667,1.995725238,2.789233471,2.198857312,0.7369543695,1.999115893,0.7475200767,1.672724842,0.398633817,1.432782555,1.466075926,0.2502936088,2.8471167,0.7529571778,1.108864647,1.25914631,1.156635272,1.108918825,0.6246945136,2.701082489,1.277135926,1.424194192,0.203313523,0.003200172678,2.152904598,1.652369953,2.360129143,1.438806702,0.1300649615,0.4909365441,0.7808044159,2.492974935,2.438337161,1.056525218,2.899428091,0.2188033162,0.838505644,0.8494952994,1.269165259,0.6597857324,0.0002050553757,1.561361057,2.33580752,2.26575842,2.901950392,2.531892039,2.64324773,1.926786802,0.3712108096,2.327075945
22,1.976917396,2.200651144,1.734740082,2.682977902,2.470789577,1.229178945,1.924850605,0.2497616965,0.080450316,1.937190102,0.9900326731,1.826765773,1.589237422,1.593168669,2.343131605,2.15152286,2.905544507,1.599911554,1.919090495,0.2594969997,2.336894435,0,0.7858186866,2.383855518,1.89731114,0.84174494,2.727766051,1.686395055,2.308017082,0.8187498038,0.9737991237,0.02050015428,2.986084189,2.861184612,0.3637010954,0.9131286799,1.649013644,2.499108708,0.529044649,0.1685797777,1.816076895,0.05739689134,2.991801227,0.2201183068,0.8113847798,2.476717999,1.612122045,1.061851863,2.562545563,1.945498673,0.9861333556,1.822237414,0.1166669509,2.923484763,0.7198446232,0.5939931748,0.3797921836,1.264741773,1.703577535,1.495343997,0.5278800286,2.935085802,1.161449136,2.553814445,0.3971114668,1.975392833,1.289060636,0.5848485436,2.874085191,0.8273565629,0.846270024,0.5208333347,2.546576417,0.944675124,0.726856154,2.7299392,0.6067532624,0.0620151412,2.535602932
23,0.6022234168,0.111773069,1.978833964,2.25283942,0.2959134168,2.783618459,0.7072676602,0.3663675382,0.9844600842,2.541497755,2.468249604,0.5361932686,2.040035416,0.1701723059,0.06386815843,1.861303833,2.041912449,0.6508810814,0.824382549,0.57243953,2.914011784,0.4690982619,0,1.235772365,2.17535869,2.663476773,0.2049943998,1.606083386,0.3201524308,0.3650727803,2.946698703,2.625151369,2.76590718,0.4419943293,1.6893542,1.06348653,0.7015532956,2.73449749,2.33885423,0.9179690817,1.585227836,1.778241283,0.7705501599,0.4030866451,1.93736398,2.009402566,1.883943898,2.567848359,0.2885566582,0.5291101467,1.822844472,2.798968027,0.3215842593,2.699104574,1.228044364,0.7712099025,1.999975767,2.401934523,0.3822740097,1.718513604,1.459288979,2.056679584,2.191024475,1.799266766,2.963964116,1.93577625,1.359396532,1.364616857,2.290679509,2.378611485,0.3098955136,2.433643921,2.297792371,2.084211213,1.269128649,1.595375249,2.641766231,1.729160675,1.695669089
24,2.920802483,2.977767484,2.209944533,2.254853094,2.532805148,1.185862368,1.984382021,2.104698491,2.645892092,0.4640688015,0.1672724036,1.904015253,1.201238281,1.456318817,0.2080116299,1.858806058,0.0582771178,2.793316455,2.008043039,1.041849981,1.761808742,1.754524735,1.981658177,0,1.262526641,1.669749631,2.45757584,0.06305550833,1.371407202,1.264623946,1.514686057,1.153493118,1.675105338,0.03974207767,0.08493014389,1.248588523,2.471551624,0.1874161548,2.582824243,1.516882271,0.8483692845,0.4005417189,0.8460290153,2.080074221,0.961141877,1.374035805,0.4564119014,0.2207992933,2.357946485,1.834589655,1.807162458,1.343062192,2.357611468,0.1639488419,1.932971156,2.157358878,0.7647098471,0.33018985,2.171768023,0.4640167185,0.4618683696,0.05024042878,0.6375926991,0.2509138077,1.577430988,1.083106858,1.139269564,2.988462288,0.1600439451,0.5395065366,2.067114749,2.49326704,0.2115855533,1.042895894,1.564385831,1.799190353,1.943673602,2.140993855,2.381623449
25,2.843963264,2.712680311,0.6045742509,0.8652378021,2.945877174,2.844470189,2.985713841,1.395092598,2.982714148,0.3626513909,2.23746752,1.343736678,0.6658551643,0.4931994376,2.308175781,0.4911058939,0.1691991505,2.250157547,0.2003577438,0.2326091449,0.3062688418,2.598668711,2.837856492,1.524885543,0,1.265174822,0.7018350162,0.9576055802,1.994664592,1.473669446,2.013895095,1.223916573,2.694585608,0.4264297654,0.2732730843,0.5429694593,0.02452833341,1.438842579,1.122464995,2.414742424,1.958227728,1.60487349,1.429658599,2.105611292,1.279124328,0.2920787144,2.488055386,0.8106398446,0.244223848,1.444338852,1.888242684,2.654379564,0.457563887,1.419587782,0.2095229241,2.674329488,0.2421386232,0.8608360561,2.383160029,2.935025844,2.718177819,0.9925400184,1.101403476,1.53007482,0.9239612768,1.847674224,0.9866650407,1.046271455,0.1672060914,2.750692697,1.071532208,2.488561005,1.713395513,1.742057645,0.9322682786,0.5714182583,2.21831531,0.48199857,0.3604255672
26,2.258064103,2.739897395,2.762007745,0.01421639006,0.04557685392,0.7834209882,1.144406507,2.751576107,0.5616508994,1.756063174,1.19854606,1.819684699,2.079121992,2.042470938,0.1188460129,2.282939225,2.139315531,1.151898738,2.210057408,2.615011512,1.408039386,2.615915035,2.493478861,0.5113302724,1.961661064,0,2.923426555,0.7807731158,2.969627265,0.9384786587,2.559541453,1.832388746,0.9558395603,0.5249914003,1.451662427,0.07117429912,0.09048862179,2.017041247,1.898744852,2.762234511,1.046625386,1.441801878,0.4550852,0.6422962611,2.89181546,1.969084057,0.1011686198,2.264764882,2.606390874,2.626971761,1.44254638,2.382292227,2.895593052,1.219296653,0.08921245261,2.216778339,0.6482268695,1.352547819,1.166592104,0.1424251234,2.142305556,1.825980458,0.6090563852,2.709873207,0.4908511862,1.098662056,1.859078864,0.2899172567,1.501987416,0.893351924,1.854073172,0.7108431945,2.994580401,0.2044532136,0.2804947358,2.433805901,0.9919819665,2.024232076,1.932507364
27,1.937851376,0.4865118348,0.5694642843,2.657193332,2.030048647,0.7916167943,1.461896202,0.8059634618,1.60506974,2.66409925,1.832619501,1.465606185,1.746991777,2.424811453,0.03733188463,1.662971295,0.7936813844,1.045161955,2.515879234,0.6140530818,2.118526391,2.120016136,2.385675631,1.447070032,2.692943541,1.622497004,0,1.771618598,2.806316859,2.449940505,1.265588288,2.583586386,0.4163259808,2.098568638,2.242769559,2.904669837,2.885498575,0.4980832462,1.065782307,0.02688259829,1.884184634,2.068446244,1.272652665,1.59119694,1.308708982,2.688425548,1.202708289,0.2496068161,0.5866661143,0.1830497184,2.553727904,1.363539941,1.799990005,0.05553853907,2.286146943,1.964997729,0.4205356827,2.65096235,2.902847682,2.444621741,0.9990521201,2.967180149,2.600734122,2.354254821,1.153146263,1.664537119,0.2138729757,2.20221723,2.492389318,0.8337660907,0.3909314499,0.2559808879,2.489777961,0.152810563,1.913176268,0.9127779808,2.967470181,1.69801695,0.3656733885
28,1.653341948,0.616758107,0.8654975094,2.931684619,1.147001976,0.0131291015,2.801123333,0.1555789769,2.892268932,0.1778992525,0.1769113619,1.062365419,1.601613391,2.613088066,2.247865378,2.155733019,2.400437839,0.9572156432,2.77419284,0.6052807127,0.299855689,1.987893066,2.658865562,0.146038543,2.013465814,1.617602249,0.1208676779,0,2.278108086,0.2017287715,2.186729467,2.968650911,2.333927401,0.3902014031,0.5963395311,2.942614537,1.850694417,2.914006378,0.09885275614,0.1959441226,2.851984396,1.22747596,1.978279469,1.778207921,0.3987307005,0.9837036617,0.376835134,2.044449667,0.7263717854,1.022435269,2.026291133,0.8243751674,0.5085874875,0.3906729951,0.1078285686,0.4189067095,0.7802881511,1.36059009,1.077964278,0.7060073,2.026938344,1.326435334,0.1493704806,2.908890494,2.027296003,2.209493318,2.455929978,1.671982176,2.184533361,0.7315742297,2.090397643,1.263701353,1.458505149,0.3564752561,0.02400518054,2.921832961,0.9696357993,0.752030906,2.902341397
29,2.531723032,0.7333956553,2.145416363,1.757463676,1.200164817,1.041670615,2.32400785,0.5244656122,2.686818806,1.510265721,1.35847948,2.446860453,0.4466549718,1.300495737,1.802162726,1.228955642,1.481757167,1.066325253,1.696766737,2.692843972,0.2104172506,0.9362367518,2.019639184,1.420792769,2.37640753,1.542866905,1.937533949,2.659866915,0,1.476241108,0.552246287,1.037625688,0.7649887698,1.734603431,0.3978585106,2.213906729,0.8960262336,0.0199734433,2.627478912,0.3463251844,0.8032795568,2.124967551,0.1924208134,2.094665814,2.602295103,1.56006587,2.492422746,0.8559703714,0.6215235008,1.777608851,0.138660391,0.8864078596,2.091822319,0.4884814011,0.5572331979,1.674032381,2.96748214,0.1578106707,2.864385029,0.5215769754,1.81500329,2.29353512,1.53976898,0.5767788637,1.399933214,0.4272418387,0.4013538028,2.900620823,0.2234441708,2.386129589,0.7074027386,1.574628507,0.5865005465,1.805795206,1.576466599,2.571272391,1.556685595,0.04928991892,2.437237897
30,0.5351762383,1.083197356,0.4074916998,0.679121717,0.6453413822,1.078699761,0.6026160424,1.606128542,1.950478036,1.115883061,2.964965253,2.832075332,1.239483855,1.275857059,2.631901842,2.780987519,1.446219135,0.2404758418,1.599715034,0.6584883804,1.85819012,1.872070904,1.478479707,1.211006096,2.161328711,2.014576844,2.506458499,2.096270029,2.525907075,0,1.159253951,1.993766917,2.683306498,2.177542088,2.16383172,0.3310251974,1.280123816,2.889115114,0.168665585,2.058355589,2.639629177,0.5032609713,1.392133858,0.6953014897,1.160492241,1.87325828,0.2367311517,2.795803341,1.256786037,2.065193023,1.871228484,0.65698506,2.548622967,0.6766515236,0.4623517128,0.8635308503,1.938517004,2.730326904,0.1753187612,0.9908197367,2.687740342,0.5106939895,2.872353534,2.073979113,0.8253651006,2.174379204,1.408293381,0.4114389244,2.68410282,1.527735699,0.6108864074,0.4232604333,2.089216178,2.85207318,0.6143112089,0.3439191315,1.82822074,0.1294154738,2.934585991
31,1.062893195,1.096301345,0.6971026606,2.633037532,2.376715236,0.7626746277,2.361487193,1.310913617,2.198039197,1.191078874,0.7259117346,0.9584270848,2.354029977,1.296346263,0.282672597,0.9519102582,2.240907128,0.3364300063,2.995977799,1.143636363,2.854011279,0.3455749462,1.795167999,0.9039477429,0.9946711662,2.965893208,0.1356493066,0.2301006807,0.5214027162,1.101198427,0,2.519700786,1.650829052,0.7031440877,0.3668639923,1.322596706,2.402700038,2.135896078,2.083140274,0.92117198,1.302622602,2.680870299,2.561928545,1.991747982,1.313355824,2.739796532,1.57483504,1.034539502,2.244338534,1.21909947,2.482633577,1.990273376,1.824953717,1.869490177,0.6024461338,2.084243936,1.022210815,1.680210185,1.336925087,1.82566605,2.69188279,0.3989079829,0.977745436,1.435362654,1.245957994,2.232728927,1.643248212,0.6586437673,0.2081724473,2.374846351,0.6045640148,0.6823611308,1.241751246,2.191066919,2.954585265,1.687143014,0.08176279903,2.409278595,1.227504235
32,2.307025967,2.193108584,1.664220142,0.8765253897,0.9511564824,2.139045549,0.1981455897,2.767887499,0.32361774,1.006082838,0.03908504588,2.648481271,0.03005138782,2.081039199,0.1054506787,1.011950874,2.808079788,2.720920119,0.803385745,2.648790165,2.266928377,1.20997649,2.024399496,0.9828692746,0.7482265022,1.970054166,2.198795641,2.156397405,2.219337696,1.009136269,2.049244695,0,0.3632883003,0.7721686471,1.004756135,1.696102542,0.6914066479,1.164287655,0.6221766241,1.007929821,2.568776112,2.061237065,0.08691202227,2.490654074,2.831319907,2.844015592,2.859595437,2.630050749,2.30680955,0.9947692427,1.403626386,2.873281053,0.2369340195,0.2665528246,1.075618959,0.1421399699,0.5149461092,2.070481827,1.911010717,2.189639908,0.08316711399,0.6768883019,1.916741385,0.1265519869,0.8759853811,0.290717949,1.162899095,1.331204798,0.6270840322,1.307273382,1.772450311,1.523453375,1.804495394,0.9828069733,0.01122660377,2.314660665,1.092357376,0.4331882286,1.35967102
33,0.3822097316,2.157445532,0.5831878531,1.61364043,2.215636699,2.577538938,1.700317582,2.414465072,0.3449680697,0.8521896868,1.392680856,1.84540279,0.8178915819,2.259760897,0.954639826,2.224229982,0.4931063266,1.493390572,1.346112897,0.4715640594,1.625444364,2.408727232,2.253003899,0.4192232616,2.057900841,2.86689452,1.411358217,1.37140907,2.211336912,0.7476643768,0.07888906951,1.534593089,0,1.784763306,2.700771304,2.712955201,1.577641216,0.8523580778,1.505341198,0.8155511577,1.411317387,2.503884029,2.822187957,0.787566856,1.287621307,0.8319492597,1.877832884,0.5687387753,0.6173258682,0.5863222917,1.95625885,0.7003394079,1.0537699,0.102509936,1.863965421,0.109046755,1.516036294,2.050296756,2.81333351,1.50970088,1.144475616,0.9110617358,0.2777847816,1.06091155,0.9714967412,2.157636704,2.036817573,2.405568134,2.295652303,2.839711672,1.36580467,1.417917902,1.314782022,2.968342513,0.4790884853,1.400449843,2.877053333,1.377465622,0.2407559134
34,2.723945839,2.354749458,1.876897761,0.9873400419,0.4379362241,1.602231542,0.07113457695,0.1230583542,2.246526469,0.03498312268,1.727344814,0.221060387,1.714312696,0.7756625271,0.7253680515,0.7711478969,2.236044416,2.493597587,1.311634515,0.3974238845,0.1594720412,2.007393791,2.589338294,1.34920003,1.460042185,2.963933799,2.132276782,1.902227634,1.284911403,2.730485822,2.822743842,0.5544944449,0.4403001668,0,2.665799629,0.6513705752,1.999442301,0.8387652926,2.039971982,0.7518120122,1.517916117,2.925119689,0.7842980252,1.723932976,0.719620497,2.058735156,0.9869001742,0.6992835928,2.922029207,1.557878819,0.8203292624,1.094062435,2.795444306,0.64884743,1.306269493,1.063736951,1.441906955,0.7923666642,2.598156222,0.8276630375,1.741272289,2.266577881,0.1320632937,2.063600721,0.01248938329,1.029227546,2.645411544,1.478138045,2.146940778,2.801672521,2.147635389,0.4779578129,2.885627554,0.1421917439,0.8992345172,0.8599925539,0.1083296948,0.5565599524,0.04380377539
35,1.513196415,1.781956756,0.8082899331,1.129478003,1.188364517,1.597947,1.982007623,2.184086067,0.6790267893,1.170552907,1.153949197,2.896905154,1.350359265,0.09506722097,0.3711926261,1.358124119,2.403232569,2.457906094,1.92823389,1.853425502,1.979779365,2.590523027,0.7372567283,1.684311561,1.299062215,1.169395601,2.031256558,2.356231865,0.3203922554,0.8248906878,2.619844964,2.702969746,2.136522728,1.193215413,0,2.102100653,1.317823235,0.8075439623,0.4971265054,0.4426280602,0.7468519017,0.7741295445,2.840724369,2.452194227,1.655414725,1.238156002,0.5701926488,1.855760476,1.327320295,1.369546438,1.922853678,2.680832688,2.181342952,2.686699283,1.185902295,0.07348017925,1.771543225,1.82860817,1.272038285,1.851777724,2.253171627,1.103687162,0.9278827641,2.711796839,2.405168843,1.526502935,1.687356241,2.295987543,1.789588048,2.337935649,2.611257122,0.2604016887,1.418012408,1.815535265,2.501515474,0.6215565011,1.057249826,0.1070593042,2.243523484
36,0.1912585512,1.706290707,1.675188576,2.898616902,0.8036115963,2.776191027,0.4379142014,2.094048753,1.271435212,2.884479734,0.01893548435,0.1600006082,2.208796848,2.100710716,2.774384647,2.085083737,2.964137236,1.458942036,0.08373284893,2.551788083,1.52243461,0.3295873873,2.573295568,2.841154216,0.9497290848,0.05513905984,0.3752935831,1.252552497,2.287410896,2.040898752,2.448202827,1.540823117,2.263714948,0.7734222421,2.325572334,0,2.434009313,0.9414828608,2.087181383,2.779496608,2.710026612,0.6373580739,1.985060346,2.587787331,2.075321039,0.4514612337,0.7996932538,2.698244603,1.69818204,0.2360898713,0.5606652272,2.706549888,0.05173334695,0.9178681698,1.659013624,1.961814425,2.897505632,0.2832343851,1.249702282,0.7409982694,1.677371219,2.811626583,1.621547187,1.251819769,0.4261028212,1.847979187,1.299711886,1.879941083,0.8356631943,2.615438774,0.09518880659,1.008668466,1.278087899,2.04148829,2.698644452,1.926577431,1.380006675,0.2410888397,0.4476173429
37,0.6867401457,0.4806427146,2.017071754,0.2230725745,1.684587203,2.138834019,0.7046265558,1.512809716,0.8729086563,1.603309728,2.398088465,2.344459793,0.7214238035,1.14078253,1.896338233,2.674117548,1.104979057,2.404509535,0.7689936631,2.39212598,1.140689004,1.214790781,1.875949752,1.2854894,1.456319797,2.505976943,2.595552815,1.806964323,0.5612346916,0.6320768641,2.02042749,1.213513269,2.489807085,1.10254573,1.84797445,2.350684599,0,2.822124937,0.5869836284,0.5565946788,0.588746257,2.211277719,1.086782623,0.6957947392,2.426866768,1.37162242,0.8402619484,1.498049471,0.5728887504,1.514198854,0.9581799033,2.331568847,0.2371167917,0.7073686418,2.113707133,1.706366083,0.8551967052,0.923821755,0.3251782885,1.25443073,2.465288628,1.737821077,1.752833232,1.078931052,0.6463790995,1.257592653,1.858587049,0.2272472076,1.480234632,1.154119005,0.1637744301,2.233525206,1.884733297,0.7694138291,1.925887088,2.98393257,1.351944622,2.462317625,2.806808072
38,2.792735714,0.05752174944,2.934138268,0.3662678292,0.8435017157,0.4010727549,1.178979288,0.7993594933,1.068231327,1.982678358,2.094228984,0.641460828,1.886077874,0.9485266168,1.376352723,1.308563787,2.230390796,1.959815436,2.440984506,1.19905529,0.507972496,1.592288213,1.584533342,2.657850464,1.332023817,1.149797357,0.3222724646,0.2507008907,1.031833355,0.1274363497,0.3771242939,2.463161847,1.175061425,2.899722868,0.5087343495,2.929706033,0.2405257061,0,0.5618865314,2.430621756,2.884696079,2.162661386,1.685440174,0.2401511283,2.956326695,0.8237068044,0.4924426032,0.6507657168,1.52209607,1.515843903,2.636766493,2.845511123,0.7783879042,2.992024239,1.028530964,1.334937502,2.288268021,0.1576362096,0.06070767553,2.018531752,1.913726482,2.996155663,1.278731228,0.05598805039,2.437282145,2.287174614,0.4946775009,0.2838308482,1.505431963,0.8054495567,1.787011358,0.1273264037,2.171536611,2.840472176,2.715690751,1.92130589,2.036427425,2.651821127,0.2864174775
39,1.170920618,2.487011478,1.588944341,1.191089377,1.735341548,2.386053035,2.60677044,0.976062942,1.58961865,1.510705637,1.783683995,2.382525301,2.283262886,1.425922251,2.113675706,1.073896622,2.128004704,1.539863814,1.777039979,0.5614605085,0.6612202005,0.5294238684,2.646947411,1.469380146,1.723045929,0.2881794612,1.258440726,0.1451776549,2.721191388,2.921786371,0.7060429884,1.781007425,0.5675693247,1.768198979,0.9224715887,2.728428432,1.243694674,2.610017648,0,0.6068136721,0.1322653045,2.637314982,1.862109948,1.14345972,2.613496494,2.93469288,1.091642169,0.4055538962,2.000119956,2.002401118,2.648892567,0.1376097897,0.4452761898,0.1366030127,2.720278917,1.099314694,0.2424725324,2.751910859,0.4274371545,2.022376652,2.942644326,0.7394127327,0.7600907962,0.289752033,2.282836129,0.04821643687,1.409955138,2.170717256,0.05263937248,2.6555911,0.5894101632,0.3798421161,2.744925158,0.6417731333,2.028489022,0.4504496624,1.980105767,1.96666945,0.5145210407
40,2.281423069,2.472828038,0.9184150964,1.787606294,1.837130827,0.08271146921,2.83810014,2.907418207,1.846141122,0.2148162806,2.487865482,0.9758560236,1.653043281,2.840590188,2.131505727,1.535175965,0.001478639653,0.8881311137,1.217847312,0.6434779258,2.082733046,0.6907453878,0.2400704664,2.050568967,2.764196944,2.056492567,0.3098161735,2.732284004,2.668147955,2.445316603,1.025826567,2.952814968,2.720172414,1.78461842,0.2196858016,1.325778026,0.3773725939,2.096506959,2.074379378,0,1.2488265,0.5890030516,0.3603366696,2.464785037,2.266567695,1.016921642,1.307920503,2.042296329,2.945247416,2.428323772,0.3846850414,2.520593498,1.108841227,2.549999673,2.259261507,1.294133789,2.002596578,0.9658187663,0.7724610844,1.54447743,2.159432076,2.457919245,2.427477488,2.216479945,2.551280525,1.210815729,2.672929344,1.414771079,1.23945662,2.257885759,2.44173162,2.784105197,1.113275445,1.424983758,1.561635357,0.4697890511,0.08628727835,2.833905456,0.31232206
41,2.705801303,0.2299286041,2.816011829,1.603705548,1.359111116,0.465712608,1.793539412,0.6517856065,0.588914962,1.912543724,1.330377916,0.409478059,1.973887177,0.6292604184,0.4743079982,0.3914001331,0.3031352455,0.7152539128,1.63334525,2.049774317,1.222830197,0.1238163223,0.5635645501,2.511248577,0.6465633356,1.729347831,2.584152455,1.01931365,1.131750521,0.2483652524,2.734189117,0.0001011067785,2.636120001,2.056418838,0.6029099692,0.8080190944,1.134315326,2.389536048,1.606324642,2.243210286,0,1.975872004,0.9527643944,1.174361158,1.288190847,0.1496206179,2.716734411,2.634244813,2.617332271,1.736242819,2.216413102,0.5676720886,2.290211615,2.218305304,2.193591284,2.214611115,1.852952201,0.5598074936,1.58957902,0.8799376472,1.493890427,0.09390380493,0.4572702828,2.752437018,0.2337199806,2.183309724,1.982088724,0.04265724298,0.7990628352,1.8568926,0.292069227,1.579425012,0.5345971905,2.762776954,2.579809072,0.4401899849,2.270968187,1.533081201,2.921518579
42,2.698159419,0.8808541977,2.921577536,1.534026783,2.144266615,0.3375693991,1.235557589,1.372993665,2.858487565,0.6625133589,2.788939819,0.6074531414,0.3482129136,0.9292945175,1.374646068,1.935563538,1.109332038,1.57931486,0.281587015,0.6006707585,1.579669745,1.350148599,0.07415977063,1.071910232,0.3079736886,0.7805693655,0.9758329109,2.030829579,1.464494766,2.451265145,1.194389517,1.114075642,2.535823059,2.990366026,2.987012221,0.9373504753,1.425796624,1.322267392,0.3743826687,0.09764711188,2.089740733,0,1.636651789,1.901761232,1.533159567,0.2853265995,0.7347233862,2.765837466,1.280580656,2.623553013,2.627514552,1.323179129,1.620427327,0.8517355273,0.3040220233,2.434820469,0.5267311226,2.71734507,2.724200615,1.94098207,1.787495001,1.839033969,0.5298756468,1.096223809,2.275078976,0.4457171992,2.018720698,0.4017155846,2.989111574,1.340441654,0.5775737898,2.123070656,2.859178512,0.00290744812,0.4689799217,2.495500923,0.7737062178,2.757495831,1.924679067
43,2.397063356,2.829913728,1.231814096,2.748879134,2.638749747,0.48723256,1.909343689,2.175430627,2.885277399,1.648625879,0.7844496048,2.365475625,2.741947535,1.900800285,1.45637066,0.4618627599,1.26263487,2.536053028,1.724737453,2.499854971,0.7329873793,1.704780591,2.042015621,2.858103769,2.999905431,2.848052734,1.368721105,0.3592892447,0.691276988,1.060390778,1.747991014,1.450200244,2.955177273,0.3183134208,2.944690457,2.694409558,1.303225434,1.53844407,2.783345431,1.173944773,2.633014121,1.231725505,0,0.06317517371,2.539374261,1.121945784,2.699005441,0.8565402912,1.861636342,1.803693582,1.042739798,2.805866261,2.86550649,2.957811324,2.699730618,1.689631676,0.8138495046,1.98054915,0.4550982352,2.037891079,1.69365566,1.424806824,2.503787259,2.980657119,2.286934324,1.921328408,2.603572249,1.730472483,1.370264571,2.756263962,2.431670114,2.595205648,2.129770002,2.992824962,0.6682538393,0.8933480379,2.360207544,0.1399244804,2.280796032
44,1.712246176,1.841074781,1.937487956,1.545999757,1.85628911,1.251847328,1.537787687,0.53811973,2.133175656,1.126627708,2.673410418,2.201455254,0.9417035697,1.445358955,2.547114833,0.8465641731,0.1564823551,0.2996175387,2.339678254,0.7529119222,2.328378435,1.488070021,2.706741305,2.596203742,2.789815439,2.215827023,0.3921417705,1.306604842,2.307817766,1.832069936,1.843240933,2.274136872,0.5565302944,2.69272791,2.418708653,2.317013811,0.5563774581,0.9741595195,1.762319369,1.38616347,2.165419139,0.09092988522,0.9892627381,0,1.106317714,0.4732038291,0.8990952219,0.2495323839,0.2990923127,2.082186824,0.6578010895,1.61335877,2.410754508,0.6514268053,1.011080115,2.115189873,1.737404429,1.216887868,1.759216833,1.387757362,2.063644257,2.097240559,1.037118027,1.223386712,2.57610453,1.875898395,2.08162613,1.980512498,1.149568033,1.357463229,0.5814395817,2.948187167,2.806821385,1.223272839,1.006849972,1.973787929,1.970173706,2.531808541,2.245321796
45,2.297420914,2.160927366,1.017214489,1.302713637,2.910119446,1.257128732,2.546845312,0.8669881334,1.625711304,2.252356859,1.764102597,2.384738412,1.682629219,2.21139185,1.857069569,0.9063777453,2.749548638,1.823839421,2.3310529,1.521980385,0.3371645061,2.811001153,2.510875024,2.808970752,1.441829254,2.918599417,0.1850007185,1.388147626,0.1550174491,1.417915109,0.9472571903,1.561207861,1.34444624,2.690930369,0.01440624728,1.599371296,1.035820393,1.877930356,0.7254852926,1.446057886,1.439920685,1.390553699,0.8409152982,1.17856167,0,0.734994104,2.942866172,1.354047189,1.192105076,0.3482490125,0.008842170542,0.9061178908,0.0759502409,0.4874477801,2.991504815,2.259682179,1.272529085,0.1812571413,0.7143879782,1.44611809,0.5122200027,0.5476015577,0.2865273274,2.937035931,2.156015763,0.6198264974,1.909174773,2.826531402,0.8766258038,2.13297534,0.4590530184,1.630295142,0.2956727584,1.013811324,2.72490727,1.763305634,0.9496864685,1.959228169,1.967694669
46,0.3062172863,1.994586044,0.579944721,1.879888997,1.073817911,2.79097188,2.783980077,1.08283847,1.969777186,1.885765469,1.509529609,1.0640144,2.686322822,2.813477287,0.8630260578,1.624565052,1.001363864,2.203916742,1.305239985,0.6737435751,2.04885051,0.9304136544,0.6272904438,1.798916606,0.7605693652,2.979091622,0.3336845085,0.8086903821,1.436323585,1.968867301,1.71757459,2.299252994,2.912141278,0.08738677079,0.374881281,0.289045703,1.468576596,2.33616546,1.112079625,2.75372529,1.589527429,1.864324284,0.4021321968,0.3992819434,1.382773934,0,0.2012156377,1.216682123,1.739742283,0.1853019963,0.4113674894,1.313630089,2.394348414,0.4027733594,1.014199196,1.487107241,2.164171531,2.701842289,2.27479728,1.753536271,2.847598945,2.946997236,2.933214692,0.8365810131,0.6340593589,2.194335269,2.582965751,2.500267341,1.359320316,1.0530387,1.061836409,2.272703541,0.8814391454,1.281258201,0.2277629804,2.259453849,2.891895642,1.127465803,2.890369574
47,2.672331085,2.266774168,1.814897723,2.26527025,2.086457201,1.649995126,1.845161565,1.784567115,0.6121601483,2.748141845,0.9130246868,2.357962113,0.08684453287,1.956274972,2.708510178,2.707848494,2.177895457,1.840517472,2.878957794,0.5451570742,2.093679492,2.030600506,2.953971524,0.5850778626,1.649330407,1.601577486,2.888192698,2.401354441,2.398101813,2.341273094,0.9392022746,1.694812233,1.361276099,0.5003085234,0.883340684,2.763964246,2.399785832,0.3940890806,1.793650174,0.4200868529,1.441704519,1.250136801,2.266832796,0.3155862106,2.865224277,1.338700766,0,0.327417833,1.856758679,1.163305516,0.8547122274,0.2735944754,1.012870665,1.444815223,0.8418179922,2.532739631,2.044515584,0.01741355943,2.764635812,2.461103584,1.205159594,2.179976545,2.321226152,1.00265496,2.332709511,0.3834374678,0.254244012,1.986238093,0.822993119,1.293095526,0.0070618668,2.997265159,0.6801738847,1.702753678,2.091818826,1.492980922,0.4239277232,2.224281269,2.603710173
48,0.01219682262,1.727953557,1.103503511,2.580149346,0.3059919789,1.194341164,2.452203768,0.6586359477,0.2257430811,0.5198699441,1.167043929,2.963697699,2.617566424,2.135481583,2.034354278,1.957358068,1.666881928,1.189801501,1.491214074,2.434071733,1.140710116,2.578214961,1.736829199,0.1701661466,0.5797758975,2.709510651,2.453290123,1.819416135,1.61375244,2.176390829,1.939062241,0.7532703318,0.2526602058,0.7193450493,1.773621762,0.5113047195,1.104719028,0.2149678243,2.705915707,0.4020295618,2.684058569,0.8643641012,0.02543239336,0.2217085763,0.2288036196,1.983263173,1.150309102,0,2.944488474,1.092074783,2.514178748,1.825937165,1.900909957,1.784142889,2.279754946,1.504294516,1.740674055,2.171763477,2.291955858,1.961203364,1.521733765,1.365280742,2.453177014,1.002847574,0.9481596897,2.766828849,2.661376613,2.228831348,0.5709102321,2.111192555,2.059480715,2.401468059,2.210151729,2.446202648,0.478975905,1.159573203,2.901771841,0.8768262296,0.8356831416
49,2.402501776,1.97755556,0.6172200574,0.1882989224,0.8421855576,0.09955501724,1.333572464,1.808821157,0.004197665234,0.2917293874,0.5070003551,0.5241857467,1.975197473,0.8925396518,1.942109009,0.3457244504,1.352467773,1.511336184,0.2039303944,0.02036852336,2.768575517,1.641462641,0.865092706,2.445929088,0.8186371115,1.963261483,2.826600271,0.1994709423,0.7628842254,1.339693168,1.331924351,1.79335865,0.2234462983,1.824063287,0.4325547562,1.977891122,2.861417926,2.823167798,0.5825698982,0.5943633498,2.442465018,0.8186894683,2.21376145,2.344894246,2.408492462,1.777602508,2.226146972,0.4383879697,0,1.962759408,2.602204825,2.756328989,0.7906037387,2.572964255,1.477773449,0.6365905695,2.430424759,2.056423835,2.500855489,0.163528808,1.87243115,0.7560386273,0.5186581563,1.802292134,1.263350797,1.657785021,1.563960516,0.3609592354,2.442175798,1.753126331,1.393182544,2.451180996,1.697562132,0.9826247865,0.1012167095,2.432051964,0.1595577523,1.089128088,0.6773781882
50,1.120248193,1.621426935,2.56607433,2.919308547,1.195866902,1.512461028,2.449324941,0.6266411557,0.454946101,0.8415684962,0.8691609756,0.8616790371,1.875211603,0.7198496452,2.125182888,1.241586167,1.007034729,0.4714329594,0.2090475712,0.7211573051,2.78255925,2.379405223,2.520541384,2.715656479,1.902756691,1.812731689,0.5464636136,1.252956603,2.974942767,0.2728261897,1.195363144,2.572557199,1.24899465,1.626902829,1.941277961,0.1443102516,0.7620486586,1.759959991,0.6585232173,0.3992960522,0.3262414694,2.011535129,2.177370465,1.530211129,2.494160579,1.170950383,2.078275497,0.635251872,1.128371648,0,1.318323508,1.282328088,1.111945179,1.474345843,0.7502115147,0.5249027744,0.1384694131,1.770730157,1.657700746,2.008143573,1.883001885,2.079971415,0.6731758694,2.917850983,2.794972116,0.8061801019,0.1753912888,2.299818137,2.440729034,2.97193025,2.214488256,0.5665208118,0.9866965192,1.740901766,2.48245414,0.5954855798,1.482097542,0.272335129,1.148386696
51,1.40037847,0.7718826165,0.3948072238,2.206460144,0.05706649753,0.9678486584,2.588719208,1.078014839,1.139523643,0.8919560651,1.939646204,2.473281785,0.341568612,0.9896685661,2.673598839,0.888808903,1.055940334,2.757568113,1.719869257,1.135645399,0.7259771353,2.888907448,0.1673658726,1.444174263,2.234123301,0.01915301058,2.872538785,2.510002892,0.5612527069,1.412971111,2.864782476,0.3915124031,2.214035709,0.8107026705,1.881863692,1.405646203,0.9216334081,0.1299329422,1.372958538,1.450453337,2.647896676,2.091660278,2.689355673,1.679950345,0.2411295535,0.5492608025,0.706419551,0.7644585996,1.931429343,1.755468251,0,0.2360973454,2.799579926,2.358134193,0.2203015463,1.818762979,1.224696349,0.3043958558,0.229018194,1.237741367,0.2553583795,0.9815039062,1.66835773,1.531789781,0.5237967497,2.446876459,1.010748495,1.110261632,0.5271220423,2.820465797,1.831679507,0.9120909394,0.7685672081,0.4983406438,2.937080102,0.8269783391,0.9724172295,0.8669520803,1.637838909
52,1.048127372,1.007163952,0.2393707275,1.849253742,1.464411245,1.032200062,2.710615683,2.660332768,0.8964166148,1.916734529,0.06122429311,2.853549623,1.570323989,1.630326843,1.944285681,2.628139944,1.658478964,2.55232252,2.34696278,2.871314524,2.880839366,2.497615117,0.7381979193,0.9617617197,0.07745546433,1.197569642,1.686796025,2.314904737,2.268659083,2.519068191,0.4247768423,1.985958701,2.750690554,0.3284606342,2.281196313,1.030444985,0.08557633719,0.09900083497,0.8405089462,2.177263594,0.4839842132,2.306856957,1.45926592,1.505255852,1.811684552,2.820713548,0.5097320905,1.047280643,1.333665886,0.9572961216,1.233291257,0,2.185782067,0.4389731821,2.36931218,1.264916542,2.159467004,2.148031044,2.800636159,1.043450366,2.449701132,0.1784493292,0.4816989058,0.5397725015,0.7280453805,2.030169661,1.201445736,0.6796806402,0.1043586633,0.1050254315,1.400801224,2.622085413,0.6201554114,1.568418265,2.561609137,0.4248472033,2.498413515,2.909858321,2.066091453
53,0.3258091997,1.219164912,1.655903854,2.350100326,1.481526789,2.655812156,1.622367256,0.9925726373,1.273488437,0.2955123297,2.141537688,1.267436615,2.580189981,1.126416895,2.051527286,2.829211509,0.1690556138,1.351636916,2.596381239,1.716867287,0.4348870671,0.2788502257,0.0034174606,2.888140721,2.483176887,2.664641747,0.06560129936,2.073883019,0.9394950607,2.415502336,0.003452580536,0.2739545542,2.118129114,0.535513708,2.450753311,0.0457540343,0.7233760869,2.849801502,1.354402642,1.988888196,1.130966329,2.97710772,2.037827782,2.325773213,1.307995193,2.735718469,0.3891289899,2.160697319,1.251003651,2.057535163,2.21188586,0.921534861,0,1.972868399,1.298725211,2.419274642,1.066874138,2.320831985,1.620498733,0.2879841105,0.7469612614,1.409333495,1.192392135,0.9956239372,0.5358726896,2.025920117,0.9189551522,1.281697725,0.3812049142,2.715942632,2.738536022,0.8930379855,0.5633514924,2.57614459,1.040526367,0.2705887334,1.132386437,1.305459763,1.520513087
54,2.425040405,0.08456120027,0.128163959,2.197553143,1.186250271,2.667978281,2.911168954,2.924856302,2.084107487,2.194046318,1.424453274,2.628717114,1.558790728,2.88066552,2.303116683,2.125545464,2.047244318,1.18253883,2.070522189,2.281123683,2.740834084,0.9038894571,1.896609441,0.7837887512,0.4196984759,0.3408474156,2.944596308,0.8150961389,0.219589372,2.399459655,2.024425799,1.017130006,1.197353367,2.426364076,2.220064414,2.466174828,0.7373976104,2.065696033,1.948167375,1.562260704,2.770885471,1.437609008,0.8118403229,1.836531304,2.318430866,0.939266431,2.977253896,2.682949273,2.03569774,2.790995893,0.8333703912,1.742708503,2.255150891,0,0.4709290641,0.962954753,0.4228040099,1.011905789,0.2452356914,1.566289668,0.2326569339,2.109250739,1.39379311,0.564827391,1.620255469,0.03460570667,0.8569484444,1.80480083,2.619210878,2.807604372,2.839048173,0.6111083668,1.208702135,0.9967278511,2.788088405,0.1658172627,1.326677508,2.943703882,0.3070041433
55,1.776460846,2.016918467,1.879007121,1.033287228,2.666320721,1.334279433,2.641322617,2.042676574,0.01970681816,0.2558426088,1.503319863,1.594090831,0.9606388623,0.09563265356,2.826041462,1.622095449,2.418360132,1.178886454,0.7594661725,0.525674723,0.6383497955,0.3347961046,1.034984846,0.7354870921,0.316566442,0.0946200069,0.44853088,2.300310134,1.486340191,2.375852102,2.145483093,0.3286426767,2.387841613,1.177220464,1.730275478,2.238382045,0.6043985394,2.757233255,0.1683110835,1.730086795,2.104019842,0.8011471985,1.006816869,2.235121012,2.823752141,1.174136084,2.07265612,1.268410565,0.3496573129,0.5418269594,0.9253163417,2.348751656,0.6355549836,2.765776042,0,1.121781243,1.132732145,1.479289095,0.4317026494,1.441514512,1.229431153,0.6754444438,0.127004594,1.979336697,1.269661218,1.967798588,2.862890035,1.679408408,1.274414693,0.7700710499,2.466266383,2.5101701,0.07889409807,1.972354023,0.3626669823,1.745469181,0.2841071872,1.667296915,2.285683011
56,0.2968255365,1.918019289,2.949467341,1.838066199,0.9267155466,2.433811211,1.621068539,2.08768381,0.7635318502,2.509599203,2.164138037,2.673863198,1.325291538,0.9472789246,0.4935024161,2.050829155,2.725283382,2.170088403,2.032517045,1.024235962,1.349676384,2.745842389,0.0691015477,2.080753284,0.6462993389,0.5707183684,0.5588739015,1.059294352,1.858642841,1.567284584,2.698359604,2.576307659,0.9017788521,2.221934558,2.069140558,2.796387712,2.898409729,1.068889004,1.192901743,2.944295754,0.0417705715,0.4280917845,0.6683198208,1.825718421,1.994486595,0.7803827624,0.1930987348,1.151061578,1.441353762,1.911400189,0.609786104,1.459547938,1.212285771,2.811012726,2.746738589,0,2.647879868,2.596652335,0.4908158825,1.841451,1.257483251,2.188403323,0.2953517946,1.969064778,2.883168628,2.462889702,1.585788758,0.07552635705,0.05632412133,0.8735882987,0.4749080782,2.781422635,1.574428461,1.600453895,1.790222443,2.854952293,0.6044310826,2.358174013,0.9307431987
57,1.234700404,0.1237809589,0.06310313048,2.177763855,1.928446363,1.060753108,2.318491051,0.8194090277,1.761424433,1.224947558,0.628427199,1.989693197,0.0775541132,1.75993423,2.330363145,0.9055069228,0.2912138855,0.2815416788,0.6438916275,0.6163675508,0.1718198052,0.1413763188,1.462519862,1.598711058,0.320408391,1.883249373,0.4878673934,2.743948148,2.016669382,2.792987045,1.125841323,2.907497341,2.571185615,1.413775634,2.635515214,1.275339025,2.652159405,0.4274598876,1.708774743,1.192666116,2.344527408,0.2356715954,1.230828273,0.4497305046,1.634696179,1.77217727,1.221831199,1.883992219,2.143733782,0.1780314894,2.601005491,1.586652711,2.834079004,0.9744744105,0.1610729006,1.223353054,0,1.50516909,1.556885068,0.6610960732,2.190076942,2.361023775,0.5794620286,0.1723406526,2.856365698,0.04550197045,1.571806147,2.40381707,1.559611059,1.778993813,0.5127878456,0.1452785577,0.1478697794,2.417248901,1.338561078,0.9079235604,2.972990349,2.5187782,1.700888143
58,1.713283159,0.1515015918,1.178505937,1.99151478,1.404367516,2.149151932,0.8130990543,2.383208561,2.271234776,2.779619931,0.860856204,2.604180926,2.408637655,1.471618444,0.7405102896,2.807248877,1.896530908,0.389848217,2.492995803,1.074482547,0.6974454113,1.005701775,2.647448788,2.948749885,1.630835778,1.31021522,0.1898755213,2.733413791,0.9203989756,1.749537247,1.934103811,2.745465952,2.88168344,2.978749366,0.7641917816,1.272991471,1.313379256,0.8605436505,0.4773582131,0.5949365689,2.842581205,2.30615489,1.923614577,1.064296403,2.621548321,0.4188365732,1.294291622,0.3363940433,0.6734947959,0.9342724262,1.528743907,1.544479701,1.11017371,0.377577898,2.562677567,1.546362178,0.5413907276,0,1.502105084,1.949828686,0.1169791842,0.9118454366,2.765742702,1.948405977,0.7741227563,0.01549007101,2.598224416,1.961285793,1.555539056,2.739126666,0.8821519031,2.979458738,2.638425448,0.7607985394,0.9427558711,0.1865800035,2.970607176,0.8019819089,0.6185726844
59,0.09231927308,1.052243331,0.1695747092,2.338261379,2.858814374,1.373493304,1.991197125,2.919969502,1.171705791,0.7438797229,0.4447370123,1.25357847,2.200714509,0.2235262901,2.712769469,1.976928593,0.6498573698,0.2816910606,2.376249124,1.151212332,0.4453414437,1.182460342,2.45581649,2.661588214,2.163978975,1.973655329,1.079778873,2.348543874,2.471262401,0.8078825078,0.9318126241,0.7168784034,0.414449306,2.307074368,2.022053596,1.916467651,1.444219461,0.4202742666,0.4202373506,1.052682309,0.1292426722,2.152867858,1.461624088,1.369154666,1.400788119,2.647331018,0.2066750942,0.01376308492,2.198435943,1.985552665,1.480260811,1.895747402,0.6100877255,1.901505769,0.1619190345,1.384894355,1.610611472,1.213981482,0,0.5531427704,1.305892111,0.2250117365,2.869262948,0.300418258,0.6261987128,2.144965498,1.162106086,1.321737115,2.35072303,2.030455527,1.403350685,0.180547486,2.384324544,2.910803989,0.8885997678,0.9187289565,1.05480728,2.711691405,1.377486783
60,1.676356978,0.5224699878,0.5542759586,2.05396184,1.327804489,2.850683094,1.17340567,0.791297712,2.830755426,1.869194493,0.03649408889,2.078834079,1.698725797,2.628323258,2.91013295,1.236742842,1.836350812,2.042343534,0.3606599029,2.093462875,1.561974843,0.8616397196,2.13208842,0.8900354687,1.691933974,2.435669516,0.8444054457,1.202952285,1.879365787,0.1833153646,1.063943204,1.36046919,2.504535367,0.3205323113,2.312520598,2.359744423,0.09692974033,2.749581462,1.229171014,1.069581878,2.687959262,1.836849857,0.6853505299,0.06699014218,0.9863395437,0.7728139089,1.315077243,1.13574314,1.19057747,2.535108108,2.352959917,2.078759548,0.7435708618,2.84821351,2.562763245,2.656648293,0.5239934398,0.8408419016,0.1772766013,0,0.8060132344,1.172968611,2.873894943,2.851382522,0.2998367972,2.095120194,0.5231126968,1.317345177,1.379737986,2.663866743,2.523141459,0.6416004448,0.7664589739,1.537026934,0.8161147721,2.51708618,0.9661450736,1.371057656,1.464416019
61,2.499833061,0.9078371592,1.775651176,0.8581211467,1.958337702,1.14925973,1.625940082,0.2059044159,0.33811485,0.3147108662,1.676188011,2.968941091,2.135441595,1.196315096,0.1595715349,1.547285402,1.379843158,2.05065626,2.807088955,1.706571,1.374040426,2.344395658,2.504535395,2.427805288,2.138233854,2.203207713,0.9278910444,2.383017494,2.898330047,0.06141563993,2.642663548,2.855427531,1.034139031,1.331904476,0.1000507762,0.2736003577,0.2958222866,2.837029087,1.035677905,0.8629972249,2.12987282,2.773016298,2.844234902,2.960746976,2.930659157,2.347844119,1.38147357,0.1684731293,2.590407169,1.268748664,1.115923328,1.002891012,0.6399237696,1.608276959,1.071877831,2.005775664,0.2132796126,2.729562597,2.596106243,0.9101333089,0,1.245260216,2.34443909,2.212103687,1.049424456,2.487610253,0.6710647349,2.466786309,0.3616834159,0.4911002667,1.100742374,2.862285191,2.918066482,1.362402143,2.493427567,1.174481901,1.312818939,1.475914657,1.940478051
62,1.986123954,2.337978315,2.002678155,1.603613156,2.381463495,1.997259376,1.124065447,1.900531974,1.225844284,2.239173593,1.684385049,0.5333512374,0.6544361232,1.127073623,2.38197908,1.289417869,2.299755056,0.1891516204,0.6854032465,0.6639061744,1.949563011,0.2679198288,1.601401549,2.727478965,2.022851103,1.628029712,1.831898769,0.6558287094,1.852553319,1.161494095,0.4765417225,0.2312192368,1.926933229,1.673475356,0.5520683989,1.001257819,2.092446514,1.576136773,2.354290426,1.251274106,0.1728510063,2.511768069,0.2611768275,0.46842048,1.663749179,0.2734072675,1.306481653,2.799866809,0.6522711062,1.275988367,1.29502645,0.703051917,0.8862440175,1.456978643,1.386269222,2.020622288,0.9578679647,1.425506198,1.321781481,0.09763383637,1.296427311,0,2.258670624,2.865783496,2.433270217,0.2143783762,1.256958788,0.1228348353,2.230604662,0.7482288112,2.014317518,2.180548555,2.44411953,0.652329324,1.257969839,1.099833482,0.926114033,1.615854942,0.06032811983
63,2.534640855,1.484873496,1.468589178,0.9116846232,1.495028636,2.612511093,2.433347847,2.90972136,1.927128464,2.023653078,0.593819248,0.8122777692,2.556496008,0.5827112722,0.2663571613,2.562353538,0.7721498303,1.490613517,1.748606687,2.223476391,0.4430945016,2.470209218,1.89075909,2.426234819,1.908267564,2.810689586,1.785703952,1.706521027,2.321385678,0.1905963864,2.421027651,1.267668141,1.214691139,2.720279704,0.4385942554,2.867850834,1.188452619,2.798286907,1.408138386,2.636584814,1.630214859,2.118632999,0.7725795701,0.5605197089,2.631445874,1.956175991,2.117538868,1.522713426,1.005667325,1.363819756,1.960940944,2.028884608,1.234965597,1.535425839,1.22754518,2.643640271,2.05266269,2.280599661,0.623495006,1.537241565,0.02697101806,1.485955534,0,2.036514574,1.145352671,0.4684703328,2.015127935,2.530912984,1.853083085,0.1048193445,0.1196850097,0.7661483237,0.8349903551,2.70438,1.239058699,0.07961276901,0.6021772093,0.9647169771,0.3380479458
64,2.755039403,0.8150190965,1.763025306,0.5527289714,2.602846975,1.965108096,0.2785397028,1.123935638,2.269427945,0.5729663948,1.609371847,2.088954099,1.787486131,2.663362713,0.7018687892,2.72972192,1.100048527,2.596404741,1.104365199,0.8800987265,1.330457018,2.505225147,1.049431354,1.374646834,1.177750221,2.612376008,2.002831153,1.853819983,0.004098246576,0.4033936615,1.325622698,0.7602608067,2.616219441,1.362576301,2.124637149,0.7349136945,2.443721045,0.8771451144,0.6117040754,0.1995531621,2.697129929,0.0973046173,1.957188509,1.804423422,0.2275409945,1.113322136,0.6849539315,2.666486633,2.913365155,2.133262647,0.3258915123,0.2279793953,0.1916941175,2.568509274,1.824408715,1.58603246,1.407474846,1.369442351,0.60040564,1.855220041,1.168785982,2.745863711,2.682608135,0,1.325630477,2.849577431,2.464649895,1.689148611,0.04602869087,1.306120855,1.724139096,2.503565017,2.174960731,1.149791537,1.199876629,2.35685721,2.460431595,1.354353322,0.6023638655
65,1.422988117,1.003389429,0.6394374061,1.421073695,1.166873967,1.789471181,0.01815297247,0.7837440594,1.172215042,1.971174033,0.6189072158,1.54720803,2.768500348,2.345296932,0.761848595,2.44365471,2.246191248,1.808885648,2.730438691,1.692860366,0.5008195441,0.3536233986,1.451864381,2.842997479,0.5087158664,1.393899839,0.5319211379,0.1087627918,1.230502839,2.838979708,1.078739269,2.743442976,1.017977218,2.16403634,2.002644176,1.212697769,2.305604601,2.732179448,2.26185782,0.5201937555,1.592250141,2.413528358,2.774111199,1.974352216,0.09011737727,1.69787648,2.239642878,1.905423846,1.888032465,2.500633079,1.241790487,2.048652229,0.7465857413,2.981640196,2.872934375,1.915734849,1.527395722,0.1098701428,0.3061731055,2.092235002,1.485654211,0.4602769621,0.298811447,0.3787267253,0,1.747514905,1.09621549,2.805316258,0.8195644265,1.993058473,0.5290028123,1.131436685,2.03919992,0.001405369716,2.603261602,2.734096551,0.2550284127,0.6339128693,2.412014603
66,0.7139347417,2.897176276,1.061949508,1.954794029,0.06313012742,1.268564207,1.887338542,0.3908976242,0.7457518534,1.700039702,2.268076319,1.733951373,1.745740315,2.038245389,1.110247069,1.67532688,2.57742163,0.2018002393,1.700770019,2.19412027,0.207239504,2.993972383,0.5769963222,0.4004577372,0.4074096987,2.459856813,0.3540525092,1.870614221,0.1769979164,1.87661087,0.3000229233,0.1255454451,2.206885953,0.1341705909,2.975546847,0.4481746088,2.285338381,0.7485799772,0.8958676897,0.7064635783,2.070176003,2.042522921,0.8885221614,1.132198952,1.79382069,2.602683582,2.5259037,1.670798465,2.962322102,2.989678163,1.260354503,0.4690686686,0.1512631794,0.7390004898,1.729283759,0.7490499538,1.375780582,1.92893473,1.226451817,1.979281776,1.679736791,2.542992725,0.4370057427,2.793532375,2.206074862,0,0.1687943643,1.659848456,1.272806225,0.8644447204,1.434434122,2.262749385,0.873952735,0.3461316639,0.6013570804,0.6379481965,0.6107060919,0.6139800413,2.449622868
67,2.439709983,1.107692748,2.00146412,0.8938161088,0.4296062886,2.917049895,2.850897556,0.4539912929,1.538841318,2.32907386,0.8863705013,1.731022264,2.174592006,1.598466845,1.691707649,2.658101639,1.440482816,1.343389669,1.738916475,2.229113683,1.895169702,1.996825835,1.047877068,1.834571981,1.738298164,2.126288698,0.002669325937,2.6363157,1.474830794,2.426638808,0.6079107803,1.555485568,0.2703825997,2.231158427,0.04646323837,0.02312014971,1.175655067,0.6343130021,1.396332352,1.188772872,1.463431397,1.223526055,2.740916493,0.7151200428,2.610631243,1.380105884,2.01645593,2.00961594,2.722795189,0.8220705639,2.486183911,2.326437288,2.057941125,2.647039084,0.4085591348,2.084648188,1.422350832,1.603770287,0.7989969114,2.666720395,0.8996189451,2.847203373,2.037874274,0.1271869237,1.159871324,1.925571675,0,1.888663724,0.995731493,2.211574558,1.351578826,2.966405376,0.7837912842,1.760787308,1.425028829,0.9148448201,1.51349538,0.3489184492,0.5904874529
68,0.7095990497,2.386134158,2.169512037,1.769908506,0.9037545869,1.125815436,1.347216226,2.635543852,1.273240459,1.528261742,0.8755245514,2.831526058,0.2363658462,1.81604436,0.4861705398,1.665774929,0.7826919837,1.567089439,2.940695425,1.071506702,0.2879183371,2.6657323,2.681529333,0.993378884,1.607655871,0.3690035362,2.903924504,2.386841921,1.285508185,0.5030676922,2.422503445,0.4971578623,0.9965412841,2.923157629,1.542688217,1.467883009,2.776686545,0.5347676811,0.2226070249,1.089540878,0.3005241204,0.5671267251,2.24359478,0.7861387468,1.254745529,1.179360789,0.9349392356,1.469310698,1.236761628,1.080339911,1.666586551,0.9142461854,1.865221661,2.493572534,2.361145561,0.1225873199,1.409882481,1.949075587,2.659505561,2.658946115,1.325548567,2.397911783,2.076076426,1.877330443,1.13893567,0.4109405445,0.7092645478,0,0.8920037461,1.508405706,1.765967247,2.020440434,1.149023491,1.176765707,2.471303559,1.2965141,2.710824086,2.836494976,0.03970738235
69,0.5367915258,0.3631322752,1.086696963,2.072676379,0.1852798575,1.21037257,1.954483928,0.974014659,1.255544382,2.374669001,2.051194589,0.4148072136,1.589010166,2.264195596,0.01345771229,0.7644285184,1.331088584,1.096140177,2.042735117,1.421918875,1.79758432,2.126793716,2.039281635,2.279018355,1.616709804,1.924675659,2.25949664,0.4243320586,1.98243232,0.2628102175,2.255878831,2.264186879,0.6375831658,2.299079831,1.651437281,1.333349283,0.2219075863,0.4002086306,2.546019511,0.4442084244,2.350242874,2.489493518,0.5271137422,2.980904428,0.9033219336,2.024634128,0.1293335628,0.7738781031,2.000462441,0.7678170632,1.482114612,2.451500899,0.3206448199,0.2446774726,1.648349863,2.042998388,0.03441222894,2.541700796,1.293597345,1.8214432,2.064793092,0.275610912,0.8355859158,1.35998162,1.808429914,1.563166867,0.6196927317,2.212005029,0,2.728139987,1.508560056,2.369532555,2.113922516,2.293773658,0.3478511993,1.178436629,1.098044297,1.942975459,1.327082343
70,2.906475398,0.4999044883,1.782180716,2.565457721,0.8221082217,1.871515207,2.432476833,0.08025451908,1.636224162,2.621786297,0.819295301,0.9170826724,1.939465781,2.202893573,1.074197236,2.268577355,0.100470075,2.954992088,2.556765011,0.6515858224,0.8448083169,2.54071608,0.5682763234,2.402274799,2.83938961,0.7364450902,0.5740033325,1.297413957,0.4268988378,0.2440302637,1.416657966,0.73323951,0.06384772059,1.018744908,0.9004651669,1.51949302,0.1497427834,2.97820163,1.163282942,1.384623133,1.908436509,1.416301964,0.3908411963,2.519456885,1.11717751,1.860417458,2.875639666,0.2702378538,1.696555653,0.3302449887,0.952587491,2.63528483,2.330879208,2.809502524,0.7677751815,0.410302118,1.941598692,0.8291150794,0.1897432207,1.127953768,2.953956341,1.87419658,2.071658568,0.8417999647,0.4010221187,0.1733337436,2.769605334,1.358470366,2.157859808,0,0.1823678025,0.5957195632,0.2323866062,1.829995102,0.2348341175,0.2893540631,0.9535989438,0.3506947462,1.531293556
71,0.09089006122,2.863174214,2.749504589,0.7628054843,0.441433139,1.939205794,0.4227164131,1.596146169,2.032891043,1.795918671,2.550530227,0.1770763916,1.329549126,1.665564739,0.03272283962,1.925682548,0.07165661833,0.2666832212,0.477849686,2.795625783,0.8208672741,2.284705154,0.09459460116,1.958519287,2.796688605,0.7719035379,2.204913843,2.480082632,2.722455529,0.02209556669,1.987077624,1.738326161,0.9051000243,2.44489438,2.952624406,1.640394074,1.186186399,0.7913742797,1.268231865,0.5063778513,1.4393344,2.67544512,2.710437096,1.45404776,0.1052810989,1.509398441,1.710816751,1.891095993,2.867255415,0.4100895099,0.6804939678,2.259346802,2.71894024,1.651414391,0.08001069014,2.105162172,2.634827047,2.873754167,1.880595323,2.092858221,1.853103754,1.158359238,0.5196631693,0.5367933773,1.400160644,2.69952094,2.910119165,0.3396270466,1.453350123,0.4635184392,0,1.392022569,0.6460895212,2.239973883,0.7957925658,2.59732039,1.586547932,0.672521838,2.703785079
72,1.926522187,1.554408014,0.3271755376,0.6757189091,2.577811101,1.235207016,0.4355328579,2.323911214,0.7435138751,0.998363451,2.598686306,1.191768445,0.170759565,2.713150509,2.978080685,2.145030806,1.813455734,2.379012255,1.432998458,0.9148244857,1.075797098,2.236677169,1.936246823,2.247325241,0.290909524,2.291332058,2.428077463,2.836531212,0.2198686104,1.718151169,1.88987467,2.028933983,0.6913632179,2.546507251,0.5244486188,1.278957114,0.1755622681,2.655651294,0.05965517062,2.965254729,0.9302732787,0.440269427,0.6983069349,2.105564908,1.842453015,2.160430772,0.4380379927,1.098471132,2.0260208,0.7692395083,0.7775940834,1.534256215,1.427990375,2.65686164,2.989003694,1.452159249,2.009267579,2.570318727,2.314930219,2.920895403,0.4634995416,1.764058765,0.3383470215,1.640957148,2.422930581,0.2353620852,0.4663625136,0.8152495387,1.121078074,0.009434983815,1.528892047,0,0.8069609103,2.01435951,0.1698381521,2.633207844,2.869438933,1.149194822,2.226763908
73,2.0195163,1.981623131,1.523069237,2.881064706,2.540607682,1.79783582,2.002076767,0.8020186244,1.486296856,0.1753712575,0.4449101932,2.617388234,0.1775385433,0.6973229013,1.278919346,1.226049187,0.1037687738,0.9744593949,2.223379361,0.6124784083,1.646178692,0.04402195193,0.1168221284,1.134947868,0.8534295235,1.232785377,2.956169612,0.2184327273,2.37213357,0.6341207787,2.632137233,1.635968489,0.9876770413,2.7210796,2.966565369,1.629518881,1.048852558,2.286136278,0.2994793897,2.826801286,2.21677836,2.17662457,1.520145419,0.4763404376,2.933412126,0.3192887325,1.782943491,0.1213740298,0.9787793083,1.526220219,2.998235891,1.699190197,0.1782682712,2.950572742,0.03222626244,1.659885309,0.5129706864,2.785488562,2.338251663,2.498287454,2.490362881,0.6211562502,0.3407220729,1.313625601,1.683539962,0.8357921281,1.727762284,0.02327855232,0.4250234018,1.166975169,0.1973680329,2.596350262,0,0.6358982354,0.07959576191,0.7083573175,1.979914428,0.6934208928,0.8032432793
74,2.873478057,2.110305634,0.8777729412,0.8637416106,0.404934215,0.8271926464,1.984114087,2.297766282,0.7789330381,2.137562937,1.770549733,0.2911720785,1.411221454,2.784760514,0.95039256,0.5702485939,1.459697121,1.803241347,2.679447918,1.620175128,0.6562557122,2.544913966,0.7474178906,2.152381631,2.781899539,0.008573780059,2.262678432,0.02268257228,0.4152184776,1.840629412,1.127725917,0.8151437403,2.506476078,0.001204592255,1.070952339,0.2337919842,0.5011106666,2.454034885,0.8115323671,1.795221733,2.325919975,0.6750615273,1.263598371,0.7368328853,0.6678817441,0.2561383444,1.761295963,0.1640314294,0.6892638109,2.319616648,2.313524321,2.735186037,1.620677253,0.322788759,0.1732766894,1.426215253,0.8552970439,2.563298193,0.7206643986,1.768457984,2.175962186,0.4599819288,0.8805055027,1.977406445,1.939160565,0.9085864125,1.650466105,0.216293238,0.8935166167,1.260133231,1.849313377,0.2716872037,1.567984062,0,1.032954557,1.908056274,1.909284585,0.1574872684,1.677027272
75,0.4883486366,2.922343628,1.086674962,0.7196436331,2.859488544,1.519290858,1.353992433,2.706421494,2.783311324,2.461407823,1.938679479,2.855744695,0.9358922837,1.359629235,0.4384579715,0.6266769179,2.167746406,1.603319599,0.2645684866,1.379777296,2.874153887,0.4570463004,1.948555361,0.9144311093,1.764146169,1.412600316,0.800394285,1.422534821,2.709268236,1.857406578,1.900142622,0.7880299007,1.310272,2.608465421,1.091541235,1.517828852,2.57317493,2.305642009,2.792959635,0.356187082,2.492292445,0.3958668384,1.773812521,1.912335951,2.799972971,2.168841452,1.524008177,0.5410368743,0.6610344692,0.6672164915,1.873876154,1.324251708,0.7499984919,0.2703628999,2.843561955,1.310060705,0.548021443,1.366641083,0.4746699023,1.657858412,1.805343832,1.375275578,0.972570433,2.600429194,1.080819788,2.443325158,0.3608350703,2.021383805,2.652912047,1.455074189,1.305821563,1.330470351,1.046079187,2.578248444,0,0.4584144479,1.303109609,1.610404292,1.516472724
76,1.631825535,0.6161198824,2.549147542,2.981561449,2.371513584,2.457042378,0.02725321298,0.5668978812,0.4608138553,2.291549391,2.156331999,0.3632495838,1.095416584,0.9326307615,2.105096553,0.2948752769,2.81117102,1.537821843,1.870951965,0.1370687011,2.997029535,0.5451125222,2.722433254,1.45655302,1.913905745,0.5729332567,1.699122698,1.211020604,1.32794984,2.541890307,2.867912653,0.6718088215,2.879804332,1.292519481,1.386842309,1.70762995,2.298589638,1.532756446,2.578729977,0.7107293907,2.526744341,1.544452656,0.4703779971,1.190665743,0.86607526,2.444204776,1.426343896,1.287969772,1.955765226,2.018112503,2.667733126,2.712203802,0.04111762456,2.100728095,0.8619834783,0.7569877746,1.308151766,1.031361734,0.6355349868,2.119600809,1.838214012,0.3508679143,0.4252589633,0.841203392,0.9286919675,0.985991011,0.253808701,1.384155537,2.256180493,1.70113165,2.251259214,0.3056756365,2.384820592,1.670048838,0.6318011162,0,2.756100817,1.025298538,1.823284798
77,2.845296351,0.287958285,1.772051663,2.926766955,1.703709614,0.3869128504,1.013990864,1.098820282,1.834495652,2.148005834,1.416578671,2.275267907,0.07382000575,1.99370612,0.8578907386,2.162988005,2.291620808,0.9870919267,0.6340237383,1.744971521,2.236914771,0.4183422154,1.090618784,0.4146716412,0.4383628215,0.3577897262,2.137034736,0.5227998895,2.756221673,2.680850509,2.808982821,0.9397016563,1.490131734,0.8075889826,1.588676908,2.243948556,2.298396907,0.7726951004,0.09326763242,2.462172579,0.08701370509,2.101766911,2.961482583,0.06533747869,2.402791075,2.694426228,0.8982061982,1.546839427,2.913416713,1.30175942,2.624251107,2.695896507,2.054846307,1.16013982,1.031673414,2.717873759,0.4654235409,0.9778836033,1.026917976,2.841415926,0.4908732648,1.816656901,2.055501015,1.733903711,2.023930063,1.640863907,2.950431388,1.196921398,1.581808711,0.6807428241,2.403692157,1.089769639,2.312974683,2.874017349,2.105895806,2.285002858,0,2.611921302,0.7186555555
78,2.857262454,1.279487873,0.6332427928,1.079914718,1.092186022,0.04403584539,1.178521825,1.910740026,2.380954588,2.659285466,2.25173939,0.8903059536,0.2610572319,0.6493676829,2.689062688,2.872123727,2.068062256,2.689582911,0.04786770107,2.516208838,2.185337087,2.319695621,2.110048281,1.183920741,0.8237171332,1.963139867,2.063492468,2.26428682,0.9437502306,2.226662952,2.440866523,0.8432605605,1.1181411,0.2474402361,0.1277318427,2.128664232,0.5949054111,0.4426525175,2.330224367,1.382600736,1.753422577,0.7326581205,1.928089438,1.771792817,2.912212591,1.953238379,2.092934066,1.866381704,2.234872123,0.938030793,0.2851864749,1.22035891,0.8770447694,2.463616737,2.255680283,1.734595885,2.531811993,1.413369445,1.032205241,1.124922634,1.551150528,1.684057436,1.308238484,1.894419824,0.007710524447,0.3045054484,0.3888648633,2.925080942,0.6797303526,1.440972879,0.5723969531,0.7578729031,1.132519752,0.9222095766,1.88228494,0.2296609577,1.55426542,0,2.257487161
79,1.081961966,2.525925918,1.488029281,0.06165334772,0.4305766808,1.647262043,1.826977159,0.3798442375,2.907194982,2.394100624,0.3841645731,1.8337859,1.678418715,2.648245354,1.530098053,2.383600414,0.2737177473,1.535919659,0.2334714196,1.45449214,1.915948059,2.116958107,2.361961075,1.002266934,1.644746581,2.210848314,2.182854426,0.9651349644,0.324909491,0.2899968621,1.665407225,2.1779088,0.139553566,1.896487938,2.315508222,2.290734551,1.270740518,0.4443896275,0.6942927215,2.262226896,2.883370223,2.289202958,0.5458142538,2.858008014,2.122338099,0.6281351334,2.052499785,2.087526733,0.3105694973,1.710283265,0.8583675821,2.548419644,0.5437752118,0.09681219102,2.615644569,0.8120494293,0.05940366184,0.3036101811,1.853556112,1.745179211,1.238987398,2.08658202,2.732591173,0.6037490208,2.921224443,1.371668569,0.9702555794,0.3526953791,1.667012044,2.611460605,0.8544027583,1.235814666,2.110270983,2.718173771,1.916298294,0.6205401662,0.7448132289,2.950216948,0